query,page_type,title,url,collection_date,observation,limitation
"MCP ecosystem report server directory 2026","data report","MCP ecosystem report","https://mcpcensus.com/report","2026-08-03","Full-registry census and reproducible aggregate competitor; establishes strong broad-report SERP.","Competing product; outreach likelihood is low."
"MCP ecosystem report server directory 2026","research report","MCP Server Ecosystem Statistics 2026","https://presenc.ai/research/mcp-server-ecosystem-statistics-2026","2026-08-03","Statistics report with explicit citation UX.","Claims and collection methods differ from MCP Radar."
"MCP ecosystem report server directory 2026","editorial report","The State of the MCP Ecosystem in May 2026","https://agentndx.ai/blog/state-of-mcp-ecosystem-may-2026/","2026-08-03","Curated state-of-ecosystem article; potential update/citation target.","Contact and link attributes require recheck."
"MCP ecosystem report server directory 2026","PDF report","The State of MCP — June 2026 Update","https://majorlabs.co/reports/state-of-mcp-2026.pdf","2026-08-03","Trust-oriented report competing on authority and presentation.","PDF citation workflow differs from web-link outreach."
"MCP ecosystem report server directory 2026","security report","The State of Python MCP Server Security 2026","https://pinaka.sh/reports/Pinaka-State-of-MCP-Security-2026.pdf","2026-08-03","Security measurement report; suitable research comparison target.","Python-only scope differs from MCP Radar."
"best MCP server directories 2026","directory guide","Best MCP Server Directories (2026)","https://servicegraph.co/blog/best-mcp-directories-2026","2026-08-03","Direct directory-comparison page and potential inclusion target.","Outbound link attributes require recheck."
"where to find MCP servers","directory guide","MCP Registry & Directory Guide","https://openhelm.ai/blog/mcp-registry-directory-guide","2026-08-03","Explicitly discusses maintenance quality versus raw catalog breadth.","Outbound link attributes require recheck."
"where to find MCP servers","directory index","MCP Server Directory Index","https://automationswitch.com/mcp","2026-08-03","Indexes and compares directories; strong resource-inclusion fit.","Inclusion and editorial criteria require verification."
"best MCP server directories 2026","directory list","MCP Server Directories: The Complete List","https://dynomapper.com/blog/ai/mcp-server-directories/","2026-08-03","Existing backlink evidence also identifies this as an actionable resource page.","Page freshness and comment/contact route require recheck."
"MCP server directory","marketplace guide","MCP Marketplace: Where to Find & Install MCP Servers in 2026","https://mcp360.ai/blog/best-mcp-marketplaces","2026-08-03","Compares registry and directory types; potential health-source addition.","Outbound link attributes require recheck."
"MCP server directory","marketplace guide","MCP Server Marketplace: Where to Find and Install MCP Servers","https://fast.io/resources/mcp-server-marketplace/","2026-08-03","Directory discovery page with current counts and selection advice.","Outbound link attributes require recheck."
"MCP server directory","registry guide","The MCP Registry Landscape","https://mcpblog.dev/blog/2026-03-17-mcp-registry-guide","2026-08-03","Discusses discovery and quality risks; suitable data citation target.","Contact route requires verification."
"MCP servers directory developer blog 2026","editorial list","The Best MCP Servers for Developers in 2026","https://daily.dev/blog/best-mcp-servers-for-developers/","2026-08-03","Fresh best-of article with a discovery section; strong update target.","Author identity and link attributes require recheck."
"MCP servers directory developer blog 2026","editorial list","10 Best MCP Servers for Developers in 2026","https://www.firecrawl.dev/blog/best-mcp-servers-for-developers","2026-08-03","Fresh vendor best-of article; potential dated health citation.","Commercial self-interest may limit neutral updates."
"MCP ecosystem server health","academic paper","A First Measurement Study on Authentication Security in Real-World Remote MCP Servers","https://arxiv.org/abs/2605.22333","2026-08-03","Large security measurement study; possible supplementary dataset target.","Academic citation is more likely than a web backlink."
"MCP ecosystem server health","academic paper","Unsafe by Flow: Bidirectional Data-Flow Risks in MCP Ecosystem","https://arxiv.org/abs/2605.07836","2026-08-03","Ecosystem-scale security study; possible comparison source.","Academic citation is more likely than a web backlink."
"MCP ecosystem server health","security editorial","Building With MCP? Mind the Security Gaps","https://thenewstack.io/building-with-mcp-mind-the-security-gaps/","2026-08-03","Editorial security coverage that already cites an MCP directory competitor.","Editorial contact and update policy require verification."
"MCP ecosystem server health","newsletter","MCP: What It Is and Why It Matters","https://addyo.substack.com/p/mcp-what-it-is-and-why-it-matters","2026-08-03","Relevant newsletter that previously linked to a directory detail page.","Newsletter archive link attributes and reply route require recheck."
